quantity,core,gap_mm,T_C,Bmax_T,b_lin,b_lin_se,ln_a_lin,ln_a_lin_se,r2_lin,a2,a2_se,a2_ci95,a1,a1_se,a1_ci95,a0,a0_se,a0_ci95,p_a2,r2_quad,dAIC,dAICc,leverage_50Hz,rms_lin_pct,max_lin_pct,rms_quad_pct,max_quad_pct
P,full,0.0,20,0.2,1.274,0.0115635,-12.3396,0.0926685,0.999588,0.0138696,0.00272833,0.00757505,1.07879,0.0386896,0.10742,-11.7166,0.12828,0.356161,0.007063,0.999945,12.067,0.067,0.9674,5.228,8.392,1.905,3.261
P,full,0.0,40,0.2,1.27092,0.00875898,-12.3681,0.0701936,0.999763,0.0110366,0.00118841,0.00329957,1.11558,0.0168525,0.0467902,-11.8723,0.0558764,0.155138,0.0007479,0.999989,19.814,7.814,0.9674,3.962,5.936,0.832,1.454
P,full,0.0,60,0.2,1.27749,0.00823244,-12.5955,0.0659739,0.999792,0.00979057,0.00204555,0.00567935,1.1397,0.0290073,0.0805372,-12.1558,0.0961769,0.26703,0.008735,0.999969,11.343,-0.657,0.9674,3.722,5.690,1.434,2.404
P,full,0.0,80,0.2,1.29223,0.00649233,-12.8509,0.0520289,0.999874,0.00723039,0.00210632,0.00584809,1.19047,0.0298691,0.08293,-12.5261,0.0990343,0.274963,0.02647,0.999968,7.609,-4.391,0.9674,2.921,4.533,1.487,2.999
P,full,0.0,100,0.2,1.29479,0.00819457,-13.0191,0.0656705,0.999800,0.00839085,0.00320751,0.00890549,1.17669,0.0454848,0.126286,-12.6422,0.15081,0.418715,0.05905,0.999926,4.981,-7.019,0.9674,3.676,5.835,2.275,4.636
P,full,0.0,120,0.2,1.29861,0.00462932,-13.2124,0.0370989,0.999936,0.00251672,0.00270504,0.00751041,1.26319,0.0383594,0.106503,-13.0994,0.127185,0.353122,0.4048,0.999948,-0.629,-12.629,0.9674,2.096,3.210,1.915,3.839
P,gap017,0.17,20,0.2,1.35886,0.0191545,-12.9821,0.153502,0.999007,0.0241966,0.00245214,0.00680824,1.01831,0.0347731,0.0965457,-11.8953,0.115294,0.320107,0.0005918,0.999961,20.627,8.627,0.9674,8.784,13.098,1.712,3.479
P,gap017,0.17,40,0.2,1.38829,0.0130105,-13.2788,0.104265,0.999561,0.0165586,0.00132561,0.00368049,1.15524,0.0187981,0.052192,-12.5351,0.0623272,0.173048,0.0002363,0.999989,23.824,11.824,0.9674,5.887,8.529,0.934,1.914
P,gap017,0.17,60,0.2,1.41289,0.0115537,-13.5478,0.0925898,0.999666,0.0122611,0.00422581,0.0117327,1.24032,0.0599249,0.166378,-12.997,0.198687,0.551645,0.04405,0.999892,5.930,-6.070,0.9674,5.292,9.383,2.965,4.920
P,gap017,0.17,80,0.2,1.42584,0.00985418,-13.6706,0.0789704,0.999761,0.00967868,0.00411232,0.0114176,1.28962,0.0583156,0.16191,-13.2359,0.193352,0.53683,0.07821,0.999900,4.084,-7.916,0.9674,4.567,9.254,2.894,5.502
P,gap017,0.17,100,0.2,1.407,0.0132647,-13.5256,0.106302,0.999556,0.0159042,0.00313722,0.00871031,1.18316,0.0444879,0.123518,-12.8113,0.147504,0.409538,0.007133,0.999940,12.034,0.034,0.9674,5.990,9.726,2.187,3.905
P,gap017,0.17,120,0.2,1.41788,0.0136968,-13.63,0.109765,0.999534,0.0166746,0.00289944,0.00805015,1.1832,0.0411162,0.114157,-12.8811,0.136325,0.378499,0.004533,0.999950,13.586,1.586,0.9674,6.189,9.859,2.025,3.274
P,gap047,0.47,20,0.1,1.38622,0.055353,-14.1312,0.443593,0.992091,0.0684768,0.010014,0.0278033,0.422469,0.142006,0.394271,-11.0555,0.470834,1.30725,0.002393,0.999377,15.786,3.786,0.9674,25.403,46.898,7.192,13.999
P,gap047,0.47,40,0.1,1.4058,0.0559221,-14.3445,0.448154,0.992150,0.0688431,0.0106773,0.0296449,0.436886,0.151411,0.420386,-11.2524,0.502021,1.39383,0.002978,0.999311,15.031,3.031,0.9674,25.632,47.637,7.652,14.936
P,gap047,0.47,60,0.1,1.3912,0.0682612,-14.2521,0.547038,0.988106,0.0833025,0.0141575,0.0393075,0.218781,0.200763,0.557408,-10.5106,0.665652,1.84815,0.00417,0.998768,13.873,1.873,0.9674,31.576,60.843,10.138,18.287
P,gap047,0.47,80,0.1,1.45596,0.0500472,-14.8594,0.401074,0.994127,0.0600782,0.0117447,0.0326085,0.610407,0.166548,0.462411,-12.161,0.552207,1.53317,0.006908,0.999221,12.143,0.143,0.9674,22.688,41.493,8.412,15.815
P,gap047,0.47,100,0.1,1.51182,0.0390959,-15.3819,0.31331,0.996667,0.0455061,0.0108224,0.0300477,0.871358,0.153469,0.426098,-13.338,0.508842,1.41277,0.01364,0.999385,9.831,-2.169,0.9674,17.533,30.903,7.657,13.009
P,gap047,0.47,120,0.1,1.44544,0.0648408,-14.8213,0.519628,0.990039,0.0770362,0.0162029,0.0449864,0.361219,0.229768,0.637939,-11.3612,0.761821,2.11515,0.008941,0.998502,11.264,-0.736,0.9674,29.610,56.895,11.638,22.171
S,full,0.0,20,0.2,-0.705761,0.0156396,11.6135,0.125334,0.997551,0.019291,0.00292436,0.00811934,-0.977267,0.0414696,0.115138,12.4799,0.137497,0.381752,0.002736,0.999794,15.323,3.323,0.9674,7.141,10.707,2.055,3.220
S,full,0.0,40,0.2,-0.71152,0.0122393,11.5989,0.0980845,0.998523,0.0155322,0.00137979,0.00383091,-0.930123,0.0195664,0.054325,12.2966,0.0648745,0.18012,0.0003548,0.999955,22.407,10.407,0.9674,5.562,8.165,0.966,1.740
S,full,0.0,60,0.2,-0.710077,0.0105262,11.3963,0.0843555,0.998902,0.0129352,0.00204662,0.00568234,-0.892129,0.0290226,0.0805796,11.9773,0.0962275,0.26717,0.003206,0.999900,14.777,2.777,0.9674,4.781,7.254,1.430,2.681
S,full,0.0,80,0.2,-0.698114,0.00792681,11.1547,0.0635246,0.999356,0.00958942,0.00176284,0.00489442,-0.833077,0.0249983,0.0694063,11.5854,0.0828844,0.230124,0.005544,0.999923,12.896,0.896,0.9674,3.572,5.629,1.246,2.655
S,full,0.0,100,0.2,-0.69782,0.00919275,10.9972,0.0736697,0.999133,0.0101919,0.00302147,0.00838894,-0.841263,0.0428465,0.118961,11.4549,0.142062,0.394428,0.02796,0.999774,7.427,-4.573,0.9674,4.122,6.625,2.141,4.346
S,full,0.0,120,0.2,-0.696187,0.00497185,10.8147,0.0398439,0.999745,0.00373494,0.00260369,0.00722899,-0.748753,0.0369221,0.102512,10.9824,0.122419,0.33989,0.2247,0.999832,0.905,-11.095,0.9674,2.244,3.207,1.843,3.677
S,gap017,0.17,20,0.2,-0.566301,0.0371001,10.6931,0.297316,0.978991,0.0461983,0.00617201,0.0171362,-1.21651,0.0875234,0.243004,12.7681,0.290193,0.805706,0.001704,0.998600,16.960,4.960,0.9674,17.376,27.081,4.381,7.556
S,gap017,0.17,40,0.2,-0.5374,0.0320498,10.3927,0.256844,0.982527,0.0394331,0.00615463,0.017088,-1.09239,0.087277,0.24232,12.1638,0.289376,0.803437,0.003048,0.998449,14.950,2.950,0.9674,14.797,21.885,4.344,6.701
S,gap017,0.17,60,0.2,-0.522426,0.026492,10.1797,0.212304,0.987306,0.030535,0.00764146,0.0212161,-0.952181,0.108361,0.300859,11.5512,0.359283,0.997531,0.01618,0.997457,9.255,-2.745,0.9674,12.382,22.151,5.417,9.400
S,gap017,0.17,80,0.2,-0.508458,0.0262269,10.0481,0.21018,0.986872,0.0290515,0.00864213,0.0239944,-0.917333,0.122551,0.340257,11.353,0.406332,1.12816,0.02826,0.996568,7.391,-4.609,0.9674,12.467,24.150,6.180,11.787
S,gap017,0.17,100,0.2,-0.529412,0.0279821,10.2044,0.224246,0.986224,0.0345913,0.00510509,0.014174,-1.01626,0.0723937,0.200997,11.7581,0.240029,0.666428,0.002476,0.998896,15.668,3.668,0.9674,13.009,19.670,3.630,5.620
S,gap017,0.17,120,0.2,-0.518339,0.0283356,10.0976,0.227078,0.985278,0.0356197,0.0040346,0.0112019,-1.01966,0.0572135,0.15885,11.6975,0.189698,0.526685,0.0009085,0.999281,19.138,7.138,0.9674,13.171,19.587,2.859,4.927
S,gap047,0.47,20,0.1,-0.410408,0.0987619,10.2826,0.791468,0.775466,0.127139,0.00315929,0.00877159,-2.19979,0.0448009,0.124387,15.9931,0.148542,0.412419,2.278e-06,0.999447,40.042,28.042,0.9674,49.379,93.859,2.214,3.719
S,gap047,0.47,40,0.1,-0.397059,0.0983943,10.0941,0.788522,0.765085,0.126684,0.0029627,0.00822577,-2.18003,0.0420132,0.116647,15.7841,0.139299,0.386756,1.788e-06,0.999487,40.890,28.890,0.9674,49.348,93.558,2.073,3.506
S,gap047,0.47,60,0.1,-0.41543,0.111774,10.198,0.895742,0.734239,0.14365,0.00547474,0.0152003,-2.43719,0.0776357,0.215551,16.65,0.257409,0.714683,1.254e-05,0.998465,34.078,22.078,0.9674,57.353,112.744,3.850,6.144
S,gap047,0.47,80,0.1,-0.355938,0.095054,9.61474,0.761753,0.737146,0.122133,0.0048487,0.0134621,-2.07486,0.068758,0.190903,15.1003,0.227974,0.632958,1.475e-05,0.998353,33.509,21.509,0.9674,47.532,89.578,3.371,6.096
S,gap047,0.47,100,0.1,-0.307273,0.0805728,9.14279,0.645703,0.744162,0.103491,0.00432303,0.0120027,-1.76383,0.0613037,0.170206,13.7911,0.203259,0.564337,1.806e-05,0.998227,32.802,20.802,0.9674,39.606,70.705,3.021,5.396
S,gap047,0.47,120,0.1,-0.372044,0.104654,9.67314,0.838685,0.716521,0.133807,0.00853109,0.0236861,-2.25527,0.120977,0.335886,15.6831,0.401112,1.11366,9.651e-05,0.995464,26.946,14.946,0.9674,53.219,104.279,5.924,9.501
